<?xml version="1.0" encoding="UTF-8"?>
<project-private xmlns="http://www.netbeans.org/ns/project-private/1">
    <editor-bookmarks xmlns="http://www.netbeans.org/ns/editor-bookmarks/2" lastBookmarkId="0"/>
    <open-files xmlns="http://www.netbeans.org/ns/projectui-open-files/2">
        <group>
            <file>file:/Users/itmanager/NetBeansProjects/javacloud/web/nuevoMensaje.xhtml</file>
            <file>file:/Users/itmanager/NetBeansProjects/javacloud/web/WEB-INF/web.xml</file>
            <file>file:/Users/itmanager/NetBeansProjects/javacloud/src/java/udea/com/servicio/ServicioMensaje.java</file>
            <file>file:/Users/itmanager/NetBeansProjects/javacloud/src/conf/persistence.xml</file>
            <file>file:/Users/itmanager/NetBeansProjects/javacloud/web/index.xhtml</file>
            <file>file:/Users/itmanager/NetBeansProjects/javacloud/nbproject/build-impl.xml</file>
            <file>file:/Users/itmanager/NetBeansProjects/javacloud/src/java/udea/com/modelo/Mensaje.java</file>
            <file>file:/Users/itmanager/NetBeansProjects/javacloud/src/java/controller/ControladorMensaje.java</file>
        </group>
    </open-files>
</project-private>
